Workbook
Name ExternalData_4: Dataset!$A$1:$J$35

Sheet Instructions
A1: Perform the following in the dataset from the 'Dataset' sheet.
B3: 1) Handling Missing Values:
C4: • Check for missing values in the 'Price' column. How would you handle products with missing price information?
C5: • If there are products with missing categories, propose a strategy to impute or deal with these missing values effectively.
B7: 2) Correcting Inconsistent Data:
C8: • Identify any inconsistent text formats present in the "Product Name" column.
C9: • Identify any typos present in the "Category" column.
C10: • Use the find and replace function to standardize the text formats in the "Product Name" column and fix any typos or misspellings in the "Category" column.
B12: 3) Removing Duplicates:
C13: • Identify any duplicate rows within the dataset based on the entirety of each row, and remove them if any.
B15: 4) Splitting and Merging Data:
C16: • Split the "Product ID" column into two separate columns for " Manufacturing Date" and "Country Code". Remove unnecessary characters, if any.
C17: • Merge the "Brand Name" and "Product Name" columns into one column named "Product Brand".
B19: 5) Number Formatting:
C20: • Format the data type of the "Price" column to currency format.
C21: • Format the "Manufacturing Date" column to display dates in the "DD-MM-YYYY " format.
B23: 6) Conditional Formatting:
C24: • Apply data bar or color scales conditional formatting in the "Price" column.
C25: • Create a custom rule for conditional formatting in the "Category" column to highlight cells where the category is "Electronics."

Sheet Dataset
A1: Sl.No. | B1: Product ID | C1: Product Name | D1: Product Brand | E1: Price ($) | F1: Quantity | G1: Category | H1: Manufacturing Date | I1: Manu Date | J1: Country Code
A2: 1 | B2: 28-JAN-US | C2: Laptop | D2: Dell laptop | E2: 1000 | F2: 30 | G2: Electronics | H2: =DATEVALUE(LEFT(Dataset!$B2,6)&"-2026") -> 46050 | I2: 46050 | J2: US
A3: 2 | B3: 15-FEB-US | C3: Sneakers | D3: Nike Sneakers | E3: 80 | F3: 15 | G3: Fashion | H3: =DATEVALUE(LEFT(Dataset!$B3,6)&"-2026") -> 46068 | I3: 46068 | J3: US
A4: 3 | B4: 03-MAR-US | C4: Coffee Maker | D4: Keurig Coffee Maker | E4: 130 | F4: 40 | G4: Kitchen | H4: =DATEVALUE(LEFT(Dataset!$B4,6)&"-2026") -> 46084 | I4: 46084 | J4: US
A5: 4 | B5: 11-APR-US | C5: Smartphone | D5: Samsung smartphone | E5: 900 | F5: 25 | G5: Electronics | H5: =DATEVALUE(LEFT(Dataset!$B5,6)&"-2026") -> 46123 | I5: 46123 | J5: US
A6: 5 | B6: 22-MAY-US | C6: Backpack | D6: North Face Backpack | E6: 70 | F6: 20 | G6: Fashion | H6: =DATEVALUE(LEFT(Dataset!$B6,6)&"-2026") -> 46164 | I6: 46164 | J6: US
A7: 6 | B7: 07-JUN-UK | C7: Headphones | D7: Sony Headphones | E7: 130 | F7: 45 | G7: Electronics | H7: =DATEVALUE(LEFT(Dataset!$B7,6)&"-2026") -> 46180 | I7: 46180 | J7: UK
A8: 7 | B8: 19-JUL-UK | C8: T-Shirt | D8: Adidas T-shirt | E8: 30 | F8: 5 | G8: Fashion | H8: =DATEVALUE(LEFT(Dataset!$B8,6)&"-2026") -> 46222 | I8: 46222 | J8: UK
A9: 8 | B9: 23-AUG-UK | C9: Blender | D9: Ninja Blender | E9: 90 | F9: 35 | G9: Kitchen | H9: =DATEVALUE(LEFT(Dataset!$B9,6)&"-2026") -> 46257 | I9: 46257 | J9: UK
A10: 9 | B10: 05-SEP-UK | C10: Tablet | D10: Apple Tablet | E10: 500 | F10: 50 | G10: Electronics | H10: =DATEVALUE(LEFT(Dataset!$B10,6)&"-2026") -> 46270 | I10: 46270 | J10: UK
A11: 10 | B11: 14-OCT-UK | C11: Hiking Boots | D11: Timberland Hiking Boots | E11: 130 | F11: 10 | G11: Outdoor | H11: =DATEVALUE(LEFT(Dataset!$B11,6)&"-2026") -> 46309 | I11: 46309 | J11: UK
A12: 11 | B12: 17-JUN-IN | C12: Laptop | D12: HP Laptop | E12: 950 | F12: 25 | G12: Electronics | H12: =DATEVALUE(LEFT(Dataset!$B12,6)&"-2026") -> 46190 | I12: 46190 | J12: IN
A13: 12 | B13: 25-NOV-AU | C13: Sneakers | D13: Adidas Sneakers | E13: 90 | F13: 40 | G13: Fashion | H13: =DATEVALUE(LEFT(Dataset!$B13,6)&"-2026") -> 46351 | I13: 46351 | J13: AU
... A35: 34 | B35: 09-JUL-FR | C35: Watch | D35: Casio Watch | E35: 100 | F35: 20 | G35: Accessories | H35: =DATEVALUE(LEFT(Dataset!$B35,6)&"-2026") -> 46212 | I35: 46212 | J35: FR
C36: -Inconsistent text formats present in the "Product Name" column. | D36: -"Brand Name" and "Product Name" columns merged into one column named "Product Brand". | E36: -Data bar or color scales conditional formatting in the "Price" column. | G36: -Typos present in the "Category" column corrected. | H36: -Manufacturing Date" column to display dates in the "DD-MM-YYYY " format. | I36: -Split the "Product ID" column into two separate columns for " Manufacturing Date" and "Country Code"
E37: -Data type of the "Price" column to currency format. | G37: -Custom rule for conditional formatting in the "Category" column to highlight cells where the category is "Electronics."
E38: -Missing values in the 'Price' column replaced with median since data is not normal. | G38: -Missing categories added manually
